INSERT INTO public.products (
  id,
  name,
  category,
  base_price,
  description,
  avg_rating,
  review_count,
  is_active,
  created_at,
  updated_at
)
VALUES
  (
    '11111111-1111-1111-1111-111111111111',
    'Velvet Matte Lipstick',
    'LIPSTICK',
    299.00,
    'ลิปสติกเนื้อแมตต์กำมะหยี่ โทนชมพูหวานละมุน ติดทนสบายปาก',
    4.90,
    128,
    true,
    NOW(),
    NOW()
  ),
  (
    '22222222-2222-2222-2222-222222222222',
    'Soft Cloud Blush',
    'BLUSH',
    390.00,
    'บลัชออนเนื้อเนียนละเอียด ให้ผิวแก้มฟุ้งนุ่มแบบ soft-focus',
    4.80,
    87,
    true,
    NOW(),
    NOW()
  ),
  (
    '33333333-3333-3333-3333-333333333333',
    'Silk Skin Foundation',
    'FOUNDATION',
    690.00,
    'รองพื้นบางเบา ปกปิดเรียบเนียน ให้ฟินิชผิวแพงแบบ second skin',
    4.70,
    201,
    true,
    NOW(),
    NOW()
  ),
  (
    '44444444-4444-4444-4444-444444444444',
    'Rose Jelly Cleanser',
    'SKINCARE',
    320.00,
    'คลีนเซอร์เนื้อเจลลี่กลิ่นกุหลาบอ่อนโยน ทำความสะอาดผิวโดยไม่แห้งตึง',
    4.60,
    45,
    true,
    NOW(),
    NOW()
  )
ON CONFLICT (id) DO NOTHING;

INSERT INTO public.product_colors (
  id,
  product_id,
  color_name,
  hex,
  rgb,
  undertone,
  finish,
  coverage,
  opacity_pct,
  created_at,
  updated_at
)
VALUES
  (
    '11111111-aaaa-1111-1111-111111111111',
    '11111111-1111-1111-1111-111111111111',
    'Rosy Pink',
    '#D96483',
    '217,100,131',
    'COOL',
    'MATTE',
    'MEDIUM',
    92,
    NOW(),
    NOW()
  ),
  (
    '11111111-bbbb-1111-1111-111111111111',
    '11111111-1111-1111-1111-111111111111',
    'Coral Red',
    '#E2583E',
    '226,88,62',
    'WARM',
    'MATTE',
    'FULL',
    96,
    NOW(),
    NOW()
  ),
  (
    '22222222-aaaa-2222-2222-222222222222',
    '22222222-2222-2222-2222-222222222222',
    'Dusty Rose',
    '#E8B4B8',
    '232,180,184',
    'NEUTRAL',
    'SATIN',
    'MEDIUM',
    78,
    NOW(),
    NOW()
  ),
  (
    '22222222-bbbb-2222-2222-222222222222',
    '22222222-2222-2222-2222-222222222222',
    'Peach Glow',
    '#F2A284',
    '242,162,132',
    'WARM',
    'SATIN',
    'MEDIUM',
    74,
    NOW(),
    NOW()
  ),
  (
    '33333333-aaaa-3333-3333-333333333333',
    '33333333-3333-3333-3333-333333333333',
    'Neutral Beige',
    '#C9A18B',
    '201,161,139',
    'NEUTRAL',
    'SATIN',
    'MEDIUM',
    88,
    NOW(),
    NOW()
  ),
  (
    '33333333-bbbb-3333-3333-333333333333',
    '33333333-3333-3333-3333-333333333333',
    'Warm Ivory',
    '#E8CFBF',
    '232,207,191',
    'WARM',
    'SATIN',
    'LIGHT',
    68,
    NOW(),
    NOW()
  ),
  (
    '44444444-aaaa-4444-4444-444444444444',
    '44444444-4444-4444-4444-444444444444',
    'Gentle Rose',
    '#F1B8C2',
    '241,184,194',
    'NEUTRAL',
    'GLOSSY',
    'LIGHT',
    54,
    NOW(),
    NOW()
  )
ON CONFLICT (id) DO NOTHING;

INSERT INTO public.inventory (
  id,
  product_id,
  color_id,
  stock_qty,
  reserved_qty,
  low_stock_threshold,
  created_at,
  updated_at
)
VALUES
  (
    'aaaa1111-1111-1111-1111-111111111111',
    '11111111-1111-1111-1111-111111111111',
    '11111111-aaaa-1111-1111-111111111111',
    24,
    0,
    10,
    NOW(),
    NOW()
  ),
  (
    'bbbb1111-1111-1111-1111-111111111111',
    '11111111-1111-1111-1111-111111111111',
    '11111111-bbbb-1111-1111-111111111111',
    18,
    0,
    10,
    NOW(),
    NOW()
  ),
  (
    'aaaa2222-2222-2222-2222-222222222222',
    '22222222-2222-2222-2222-222222222222',
    '22222222-aaaa-2222-2222-222222222222',
    16,
    0,
    10,
    NOW(),
    NOW()
  ),
  (
    'bbbb2222-2222-2222-2222-222222222222',
    '22222222-2222-2222-2222-222222222222',
    '22222222-bbbb-2222-2222-222222222222',
    12,
    0,
    10,
    NOW(),
    NOW()
  ),
  (
    'aaaa3333-3333-3333-3333-333333333333',
    '33333333-3333-3333-3333-333333333333',
    '33333333-aaaa-3333-3333-333333333333',
    15,
    0,
    10,
    NOW(),
    NOW()
  ),
  (
    'bbbb3333-3333-3333-3333-333333333333',
    '33333333-3333-3333-3333-333333333333',
    '33333333-bbbb-3333-3333-333333333333',
    11,
    0,
    10,
    NOW(),
    NOW()
  ),
  (
    'aaaa4444-4444-4444-4444-444444444444',
    '44444444-4444-4444-4444-444444444444',
    '44444444-aaaa-4444-4444-444444444444',
    31,
    0,
    10,
    NOW(),
    NOW()
  )
ON CONFLICT (id) DO NOTHING;
